lh_tile_sched
PE1,PE2,PE3,PE4,PE5,PE6,PE7,PE8,PE9,PE10,PE11,PE12,PE13,PE14,PE15,PE16,PE17,PE18
0,0,0,0,0,0,0,0,0,0,0,0,0,0,0,0,0,0
rh_tile_sched
PE1,PE2,PE3,PE4,PE5,PE6,PE7,PE8,PE9,PE10,PE11,PE12,PE13,PE14,PE15,PE16,PE17,PE18
0,0,0,0,0,0,0,0,0,0,0,0,0,0,0,0,0,0
output_tile_incr_sched
PE1,PE2,PE3,PE4,PE5,PE6,PE7,PE8,PE9,PE10,PE11,PE12,PE13,PE14,PE15,PE16,PE17,PE18
0,0,0,0,0,0,0,0,0,0,0,0,0,0,0,0,0,0
rh_tile_col_sched
PE1,PE2,PE3,PE4,PE5,PE6,PE7,PE8,PE9,PE10,PE11,PE12,PE13,PE14,PE15,PE16,PE17,PE18
0,1,2,3,4,5,6,7,8,9,10,11,12,13,14,15,16,17
